Id,area_primeiro_andar,existe_segundo_andar,area_segundo_andar,quantidade_banheiros,capacidade_carros_garagem,qualidade_da_cozinha_Excelente,preco_de_venda
1,79.52239999999999,1,79.33659999999999,2,548,0,1027905.0
2,117.2398,0,0.0,2,460,0,894795.0
3,85.468,1,80.45139999999999,2,608,0,1101855.0
4,89.2769,1,70.2324,1,642,0,690200.0
5,106.3705,1,97.8237,2,836,0,1232500.0
6,73.94839999999999,1,52.5814,1,480,0,704990.0
7,157.3726,0,0.0,2,636,0,1513510.0
8,102.8403,1,91.3207,2,484,0,986000.0
9,94.9438,1,69.8608,2,468,0,640407.0
10,100.0533,0,0.0,1,205,0,581740.0
11,96.616,0,0.0,1,384,0,638435.0
12,109.8078,1,106.0918,3,736,1,1700850.0
13,84.7248,0,0.0,1,352,0,709920.0
14,138.7926,0,0.0,2,840,0,1377935.0
15,116.4037,0,0.0,1,352,0,774010.0
16,79.33659999999999,0,0.0,1,576,0,650760.0
17,93.2716,0,0.0,1,480,0,734570.0
18,120.3984,0,0.0,2,516,0,443700.0
19,103.4906,0,0.0,1,576,0,783870.0
20,124.3931,0,0.0,1,294,0,685270.0
21,107.5782,1,113.1522,3,853,0,1603729.0
22,102.9332,0,0.0,1,280,0,687242.0
23,166.75549999999998,0,0.0,2,534,0,1133900.0
24,98.474,0,0.0,1,572,0,640407.0
25,98.474,0,0.0,1,270,0,759220.0
26,148.64,0,0.0,2,890,0,1263559.0
27,83.61,0,0.0,1,576,0,664564.0
28,158.3016,0,0.0,2,772,0,1508580.0
29,148.64,0,0.0,1,319,0,1022975.0
30,48.308,0,0.0,1,240,0,337705.0
31,60.2921,1,62.0572,1,250,0,197200.0
32,114.0812,0,0.0,1,271,0,736295.5
33,114.6386,0,0.0,2,484,0,886907.0
34,157.93,0,0.0,1,447,0,815915.0
35,145.0169,0,0.0,2,556,1,1368075.0
36,105.1628,1,122.628,3,691,0,1523370.0
37,101.9113,0,0.0,1,672,0,714850.0
38,120.4913,0,0.0,1,498,0,754290.0
39,98.1953,0,0.0,1,246,0,537370.0
40,107.0208,0,0.0,2,0,0,404260.0
41,122.9996,0,0.0,2,440,0,788800.0
42,123.3712,0,0.0,1,308,0,838100.0
43,82.1236,0,0.0,1,504,0,709920.0
44,87.1402,0,0.0,1,308,0,642132.5
45,106.835,0,0.0,1,300,0,695130.0
46,162.7608,0,0.0,2,576,1,1577107.0
47,141.0222,1,58.6199,1,670,0,1181651.98
48,153.8424,0,0.0,2,826,0,1231021.0
49,68.3744,1,66.5164,2,0,0,557090.0
50,88.7195,0,0.0,1,386,0,626110.0
51,73.76259999999999,1,62.8004,2,388,0,872610.0
52,75.8064,0,0.0,1,528,0,564485.0
53,75.8064,0,0.0,1,516,0,542300.0
55,126.344,0,0.0,1,572,0,640900.0
56,132.3825,0,0.0,2,576,0,889865.0
57,91.3207,1,70.2324,2,480,0,850425.0
58,79.89399999999999,1,79.89399999999999,2,565,0,968745.0
59,132.4754,1,141.11509999999998,3,641,0,2163185.4
60,72.462,0,0.0,1,352,0,615757.0
61,107.5782,0,0.0,1,576,0,778940.0
62,53.9749,1,49.237,1,288,0,497930.0
63,127.273,0,0.0,2,484,0,998325.0
64,83.7958,1,75.0632,2,480,0,690200.0
65,98.1953,1,90.7633,2,645,0,1082135.0
66,106.1847,1,123.557,2,852,0,1562810.0
67,205.0303,0,0.0,2,576,0,887400.0
68,137.3991,0,0.0,2,558,0,1114180.0
69,69.3963,0,0.0,1,220,0,394400.0
70,121.1416,1,91.3207,2,667,0,1109250.0
71,206.5167,0,0.0,2,516,0,1202920.0
72,78.5005,0,0.0,1,360,0,638435.0
73,82.2165,1,77.3857,2,427,0,912050.0
74,100.8894,0,0.0,1,490,0,714357.0
75,78.036,1,71.0685,2,379,0,529482.0
76,48.8654,1,42.9198,1,297,0,448630.0
77,88.4408,0,0.0,1,283,0,669247.5
78,99.5888,1,19.7877,1,240,0,626110.0
79,164.2472,0,0.0,2,0,0,672945.0
80,63.3578,1,50.9092,1,440,0,542300.0
81,109.8078,1,89.184,2,509,0,953955.0
82,124.2073,0,0.0,2,405,0,756755.0
83,145.2027,0,0.0,2,758,0,1207850.0
84,98.9385,0,0.0,1,461,0,623645.0
85,74.6916,1,62.243,2,400,0,830705.0
86,120.8629,1,103.6764,2,462,0,1281800.0
87,63.5436,1,81.3804,2,400,0,857820.0
88,56.8548,1,56.8548,2,528,0,810985.0
89,94.1077,0,0.0,1,0,0,419050.0
90,91.971,0,0.0,1,0,0,609348.0
91,96.616,0,0.0,1,420,0,541807.0
92,114.7315,0,0.0,1,480,0,486098.0
93,89.5556,0,0.0,1,432,0,806055.0
94,117.054,1,95.7799,2,506,0,660127.0
95,84.0745,1,81.8449,2,684,0,1009417.5
96,63.172,1,73.39099999999999,2,420,0,912050.0
97,147.52519999999998,0,0.0,2,472,0,1055020.0
98,89.184,0,0.0,1,432,0,467117.5
99,77.5715,0,0.0,1,366,0,409190.0
100,113.8025,0,0.0,1,0,0,635723.5
101,149.569,0,0.0,2,480,0,1010650.0
102,90.7633,1,70.1395,2,476,0,877540.0
103,142.6015,0,0.0,2,410,0,586492.52
104,113.8954,0,0.0,2,740,0,980577.0
105,113.8954,1,54.9968,1,240,0,835635.0
106,97.8237,1,87.2331,2,648,0,1232500.0
107,97.2663,0,0.0,1,273,0,493000.0
108,73.29809999999999,0,0.0,1,250,0,566950.0
109,92.6213,1,48.308,2,0,0,566950.0
110,171.30759999999998,0,0.0,2,546,0,936700.0
111,112.9664,1,59.3631,2,325,0,674917.0
112,71.9046,1,60.9424,2,400,0,887400.0
113,119.0978,1,131.3606,2,792,1,1892972.1
114,209.8611,0,0.0,2,450,0,1069810.0
115,133.40439999999998,1,82.1236,2,180,0,1279335.0
116,67.72409999999999,1,67.72409999999999,2,440,0,867680.0
117,101.4468,0,0.0,1,288,0,685270.0
118,104.5125,0,0.0,1,430,0,764150.0
119,157.8371,1,141.48669999999998,3,594,0,1577600.0
120,67.63119999999999,1,67.63119999999999,2,390,0,808470.7
121,91.7852,0,0.0,1,540,0,887400.0
122,71.7188,1,32.6079,1,264,0,493000.0
123,100.332,0,0.0,1,288,0,670480.0
124,111.3871,0,0.0,2,530,0,758727.0
125,147.33939999999998,0,0.0,2,435,0,892330.0
126,48.308,0,0.0,1,0,0,416585.0
127,88.9982,0,0.0,2,440,0,631040.0
128,78.036,0,0.0,1,0,0,428910.0
129,61.314,1,63.9152,1,453,0,764150.0
130,97.8237,0,0.0,1,750,1,739500.0
131,112.9664,1,87.4189,2,487,0,1114180.0
132,94.9438,1,95.8728,2,390,0,1202920.0
133,123.2783,0,0.0,1,624,0,743197.5
134,120.3984,0,0.0,2,471,0,1084600.0
135,159.8809,0,0.0,2,440,0,887400.0
136,156.2578,0,0.0,2,530,0,857820.0
137,112.7806,0,0.0,2,318,0,704990.0
138,181.9911,0,0.0,3,766,0,843030.0
139,93.2716,1,78.7792,2,660,0,1133900.0
140,86.21119999999999,1,77.6644,2,470,0,1141295.0
141,80.26559999999999,0,0.0,1,0,0,566950.0
142,161.0886,0,0.0,2,660,0,1281800.0
143,84.539,1,44.1275,2,720,0,818380.0
144,139.4429,0,0.0,2,577,0,1005720.0
145,160.53119999999998,0,0.0,2,504,0,616250.0
146,90.113,1,68.6531,2,380,0,640900.0
147,81.2875,0,0.0,1,180,0,517650.0
148,82.1236,1,106.9279,2,434,0,1096925.0
149,100.332,0,0.0,1,0,0,695130.0
150,83.2384,1,41.6192,1,240,0,566950.0
151,90.0201,0,0.0,1,440,0,601460.0
152,158.85899999999998,0,0.0,2,866,0,1835941.86
153,101.9113,1,83.2384,2,495,0,936700.0
154,116.3108,0,0.0,1,564,0,1158550.0
155,111.48,0,0.0,1,312,0,616250.0
156,53.1388,1,48.6796,1,0,0,389470.0
157,96.616,0,0.0,1,625,0,539835.0
158,71.9046,1,110.9226,2,680,1,1328635.0
159,92.0639,1,88.8124,2,678,0,1256657.0
160,129.3168,1,99.403,2,576,0,1577600.0
161,114.4528,0,0.0,2,516,0,801125.0
162,146.03879999999998,1,101.8184,2,726,1,2033625.0
163,143.1589,0,0.0,2,532,0,1084600.0
164,81.9378,0,0.0,1,0,0,508776.0
165,106.7421,1,43.3843,2,216,0,749360.0
166,75.0632,1,50.8163,2,0,0,628575.0
167,173.4443,0,0.0,1,303,0,936700.0
168,149.569,1,51.1879,1,789,1,1605326.3199999998
169,78.036,1,81.752,2,440,0,904655.0
170,158.5803,0,0.0,2,511,0,1124040.0
171,79.33659999999999,0,0.0,1,660,0,633505.0
172,153.8424,0,0.0,1,528,0,1059950.0
173,98.8456,1,65.3087,2,504,0,1178270.0
174,126.5298,0,0.0,1,504,0,803590.0
175,153.37789999999998,0,0.0,2,616,0,907120.0
176,200.4782,0,0.0,2,576,0,1197990.0
177,108.1356,1,83.2384,2,521,0,1040230.0
178,116.3108,1,62.0572,2,451,0,850425.0
179,207.5386,0,0.0,2,1166,1,2474056.41
180,89.9272,0,0.0,1,480,0,493000.0
181,71.4401,1,70.2324,2,440,0,872610.0
182,83.7029,1,83.7029,1,216,0,986493.0
183,124.486,0,0.0,1,252,0,591600.0
184,126.5298,1,66.88799999999999,2,484,0,986000.0
185,86.95439999999999,1,29.3564,1,576,0,626110.0
186,141.0222,1,141.0222,2,840,1,2341750.0
187,113.0593,0,0.0,2,497,0,852890.0
188,75.0632,1,65.4016,2,180,0,665550.0
189,113.7096,0,0.0,0,528,0,755951.4099999999
190,147.9897,0,0.0,1,682,1,1409980.0
191,143.9021,1,109.4362,2,440,0,1552950.0
192,67.35249999999999,1,70.0466,1,484,0,907120.0
193,132.9399,0,0.0,2,666,0,946560.0
194,90.113,1,68.6531,2,380,0,640900.0
195,80.26559999999999,0,0.0,1,352,0,626110.0
196,79.42949999999999,1,55.8329,2,440,0,732105.0
197,160.34539999999998,0,0.0,2,786,1,1537528.96
198,126.344,1,126.344,2,795,0,1158550.0
199,86.30409999999999,1,86.30409999999999,1,0,0,512720.0
200,159.1377,0,0.0,2,856,1,1355257.0
201,104.1409,0,0.0,2,440,0,690200.0
202,118.8191,0,0.0,2,473,0,845495.0
203,80.35849999999999,1,41.3405,2,398,0,552160.0
204,78.7792,0,0.0,1,420,0,734570.0
205,66.88799999999999,1,52.3956,1,240,0,542300.0
206,133.96179999999998,0,0.0,2,500,0,889865.0
207,157.5584,0,0.0,1,349,0,709427.0
208,102.19,0,0.0,1,312,0,695130.0
209,109.622,1,81.9378,2,454,0,1365610.0
210,101.4468,0,0.0,1,504,0,714850.0
211,80.26559999999999,0,0.0,1,0,0,483140.0
212,112.5948,0,0.0,2,460,0,916980.0
213,86.58279999999999,1,85.468,2,644,0,1245702.54
214,91.971,0,0.0,1,576,0,769080.0
215,64.0081,1,65.3087,1,299,0,797427.5
216,114.8244,0,0.0,1,447,0,662838.5
217,133.40439999999998,0,0.0,2,484,0,1035300.0
218,75.249,1,48.1222,1,210,0,527510.0
219,105.6273,1,75.8993,1,431,0,1535695.0
220,115.9392,0,0.0,2,438,0,824493.2
221,139.1642,0,0.0,2,675,0,1010157.0
222,93.829,1,116.7753,2,390,0,986000.0
223,75.3419,1,68.8389,2,434,0,886907.0
224,80.26559999999999,0,0.0,1,576,0,478210.0
225,222.2168,0,0.0,2,968,1,1904212.5
226,58.527,1,62.4288,2,280,0,552160.0
227,112.7806,1,121.3274,2,721,0,1429700.0
228,44.8707,1,46.8216,1,280,0,522580.0
229,84.7248,0,0.0,1,336,0,616250.0
230,144.4595,0,0.0,2,430,0,949025.0
231,110.9226,0,0.0,1,312,0,729640.0
232,138.421,1,121.1416,2,810,1,1986790.0
233,44.8707,1,46.8216,1,288,0,465885.0
234,83.0526,0,0.0,1,308,0,632026.0
235,79.89399999999999,1,102.19,2,440,0,1067345.0
236,44.8707,1,46.8216,1,264,0,441235.0
237,131.3606,0,0.0,2,494,0,914515.0
238,94.2006,1,67.817,2,457,0,958885.0
239,157.3726,0,0.0,2,818,0,1567740.0
240,74.13419999999999,1,64.0081,1,220,0,557090.0
241,145.4814,0,0.0,2,750,0,1294125.0
242,80.45139999999999,0,0.0,1,0,0,544765.0
243,82.5881,1,51.1879,1,352,0,389470.0
244,58.1554,1,54.9039,1,288,0,591600.0
245,113.5238,1,82.4952,2,463,0,1010650.0
246,173.9088,0,0.0,2,604,0,1190595.0
247,84.3532,1,94.758,2,440,0,675410.0
248,127.7375,0,0.0,1,451,0,690200.0
249,78.036,1,76.9212,2,500,0,887400.0
251,121.3274,0,0.0,1,0,0,377145.0
252,150.9625,0,0.0,2,538,0,1158550.0
253,74.13419999999999,1,78.2218,2,520,0,852890.0
254,120.9558,0,0.0,2,309,0,778940.0
255,122.0706,0,0.0,1,294,0,714850.0
256,93.3645,1,119.4694,2,429,0,1133900.0
257,80.26559999999999,1,80.26559999999999,2,673,0,1022975.0
258,149.0116,0,0.0,2,660,0,1084600.0
259,89.4627,1,77.0141,2,564,0,1141295.0
260,81.9378,0,0.0,1,308,0,478210.0
261,128.3878,0,0.0,1,884,0,867680.0
262,137.6778,1,101.4468,2,868,1,1360680.0
263,112.5948,0,0.0,1,492,0,744430.0
264,86.02539999999999,0,0.0,1,484,0,640900.0
265,70.9756,0,0.0,1,504,0,359890.0
266,132.1038,0,0.0,2,576,0,865215.0
267,74.5058,1,65.8661,2,413,0,912050.0
268,97.7308,1,66.88799999999999,2,240,0,884935.0
269,72.2762,0,0.0,1,924,0,594065.0
270,103.3977,0,0.0,1,504,0,729640.0
271,101.7255,1,78.4076,2,1053,0,1311380.0
272,126.6227,0,0.0,1,439,0,1190595.0
273,108.1356,1,102.7474,2,671,0,1429700.0
274,151.6128,0,0.0,2,338,0,685270.0
275,75.8064,0,0.0,1,264,0,613785.0
276,88.4408,1,55.3684,2,672,1,1010650.0
277,144.924,0,0.0,2,573,0,990930.0
278,80.26559999999999,0,0.0,1,400,0,695130.0
279,197.0409,0,0.0,2,732,1,2047419.14
280,107.3924,1,80.45139999999999,2,505,0,946560.0
281,109.1575,1,74.9703,2,575,0,1126505.0
282,117.2398,0,0.0,2,572,0,912050.0
283,122.0706,0,0.0,2,626,0,1022975.0
284,136.3772,0,0.0,2,898,0,1205878.0
285,146.3175,0,0.0,2,529,0,883456.0
286,58.0625,1,58.0625,2,528,0,811971.0
287,100.7965,1,60.2921,1,440,0,783870.0
288,79.70819999999999,0,0.0,1,0,0,433840.0
289,83.61,0,0.0,1,280,0,601460.0
290,64.8442,1,64.8442,1,384,0,757124.75
291,100.2391,1,78.036,2,685,0,1149823.9
292,86.95439999999999,1,72.462,2,0,0,669987.0
293,106.6492,1,52.7672,1,281,0,645830.0
294,136.3772,1,73.85549999999999,2,539,0,1158550.0
295,152.7276,0,0.0,1,418,0,823310.0
296,93.1787,0,0.0,1,588,0,702525.0
297,84.539,1,60.1992,1,282,0,749360.0
298,90.5775,1,90.5775,2,576,0,1178270.0
299,96.7089,1,65.2158,1,539,0,862750.0
300,107.0208,0,0.0,1,300,0,781405.0
301,124.1144,0,0.0,1,375,0,774010.0
302,112.409,1,115.3818,2,683,0,1316310.0
303,143.1589,0,0.0,2,843,0,1010650.0
304,83.0526,0,0.0,1,552,0,739007.0
305,155.6075,1,168.8922,3,870,0,1454350.0
306,185.8,0,0.0,2,888,0,1508087.0
307,104.2338,1,104.1409,2,746,0,1109250.0
308,96.1515,1,34.4659,1,0,0,441235.0
309,79.98689999999999,0,0.0,1,539,0,406725.0
310,180.5976,0,0.0,2,708,1,1774800.0
311,64.7513,1,74.6916,2,420,0,816408.0
312,90.2988,0,0.0,1,240,0,650760.0
313,73.66969999999999,1,30.1925,1,410,0,591107.0
315,77.2928,1,75.1561,1,546,1,877540.0
316,66.5164,1,66.5164,2,432,0,929305.0
317,107.1137,1,111.48,2,484,1,1281800.0
318,101.0752,1,80.9159,2,1025,0,1331100.0
319,127.4588,1,118.3546,2,656,0,1281800.0
320,136.7488,0,0.0,2,588,0,924375.0
321,116.0321,1,125.1363,3,840,0,1689229.99
322,105.5344,1,123.7428,2,872,0,1745220.0
323,144.2737,1,109.3433,2,576,0,1483930.0
324,108.0427,0,0.0,1,220,0,622042.75
325,176.3242,1,100.332,2,564,0,1193060.0
326,74.5987,0,0.0,1,360,0,428910.0
327,159.6951,0,0.0,1,473,0,1597320.0
328,128.48069999999998,0,0.0,1,292,0,716082.5
329,134.2405,1,64.0081,2,441,0,1057485.0
330,55.3684,1,55.3684,1,189,0,384540.0
331,160.53119999999998,0,0.0,2,352,0,586670.0
332,98.1024,0,0.0,1,308,0,685270.0
333,151.3341,0,0.0,2,880,0,1400120.0
334,126.1582,0,0.0,2,484,0,1020510.0
335,87.6047,1,64.5655,2,472,0,946560.0
337,178.5538,0,0.0,2,676,0,1860710.18
338,142.6944,0,0.0,2,532,0,1055020.0
339,150.5909,0,0.0,2,440,0,998325.0
340,112.8735,0,0.0,1,297,0,764150.0
341,92.2497,1,85.0035,2,431,0,1000297.0
342,78.1289,0,0.0,1,294,0,404260.0
343,96.616,0,0.0,2,400,0,431375.0
344,156.4436,0,0.0,2,564,1,1311380.0
345,49.7944,1,53.5104,1,336,0,419050.0
346,90.2988,1,56.2045,1,312,0,691186.0
347,88.9982,0,0.0,1,301,0,746895.0
348,137.3062,0,0.0,2,498,0,776475.0
349,70.9756,1,80.07979999999999,2,474,0,759220.0
350,171.67919999999998,1,81.752,2,706,1,2155169.22
351,173.6301,0,0.0,2,617,1,1568040.73
352,134.9837,0,0.0,1,445,0,936700.0
353,57.2264,1,45.9855,1,200,0,468350.0
354,66.88799999999999,0,0.0,1,484,0,522087.0
355,110.7368,1,37.4387,1,240,0,690200.0
356,111.48,0,0.0,2,521,0,875075.0
357,108.4143,0,0.0,2,400,0,852890.0
358,106.0918,0,0.0,1,528,0,660620.0
359,125.6008,0,0.0,1,288,0,640900.0
360,100.8894,1,77.8502,2,592,0,1380400.0
361,84.7248,0,0.0,1,470,0,769080.0
362,91.7852,1,48.0293,1,240,0,714850.0
363,45.9855,1,132.5683,3,672,0,978605.0
364,44.8707,1,46.8216,1,264,0,581740.0
365,73.39099999999999,1,72.8336,2,566,0,936700.0
366,62.4288,1,62.4288,1,468,0,724710.0
367,129.5026,0,0.0,1,514,0,783870.0
368,132.9399,0,0.0,1,296,0,813450.0
369,117.7972,0,0.0,1,244,0,650760.0
370,119.5623,0,0.0,1,576,0,798660.0
371,88.5337,1,66.0519,2,460,0,849932.0
372,104.048,1,43.4772,2,680,0,662749.76
373,69.8608,0,0.0,1,264,0,616250.0
374,122.5351,0,0.0,1,270,0,606390.0
375,78.6863,1,100.4249,2,434,0,1082135.0
376,83.9816,0,0.0,0,0,0,300730.0
377,84.9106,0,0.0,1,576,0,729640.0
378,146.78199999999998,1,82.3094,3,610,0,1676200.0
379,172.42239999999998,0,0.0,1,834,1,1944549.76
380,93.5503,1,73.66969999999999,2,463,0,882470.0
381,95.3154,1,61.7785,2,308,0,626110.0
382,120.8629,0,0.0,2,572,0,925607.5
383,87.2331,1,79.70819999999999,2,639,0,1052555.0
384,72.8336,0,0.0,1,360,0,374680.0
386,117.8901,0,0.0,2,430,0,946560.0
387,61.1282,1,48.8654,1,0,0,399330.0
388,104.5125,0,0.0,1,352,0,616250.0
389,137.3991,0,0.0,2,577,0,941630.0
390,161.8318,1,54.811,2,846,1,2100180.0
391,89.2769,1,37.7174,1,384,0,586670.0
392,74.6916,1,107.4853,2,560,0,1059950.0
393,81.9378,0,0.0,1,294,0,525045.0
394,73.20519999999999,0,0.0,1,0,0,493000.0
395,68.2815,1,27.7771,1,240,0,537370.0
396,106.2776,0,0.0,1,596,0,635970.0
397,83.0526,0,0.0,1,600,0,606390.0
398,81.3804,1,86.95439999999999,2,264,0,835635.0
399,100.0533,0,0.0,1,338,0,330310.0
400,103.3048,1,40.6902,2,438,0,1188130.0
401,119.6552,0,0.0,1,500,1,1210315.0
402,121.699,0,0.0,2,400,0,813400.7
403,62.4288,0,0.0,1,240,0,532440.0
404,108.2285,1,102.0042,2,420,0,1271940.0
405,74.8774,1,71.1614,2,373,0,828240.0
406,150.498,0,0.0,2,490,0,739500.0
407,108.3214,0,0.0,1,240,0,566950.0
408,78.036,1,78.036,2,308,0,872610.0
409,99.4959,1,102.2829,2,947,0,1380400.0
410,97.545,1,95.5012,2,836,1,1674967.5
411,118.5404,0,0.0,1,350,0,295800.0
412,98.1024,0,0.0,1,572,0,714850.0
413,137.3062,0,0.0,2,484,0,1094460.0
414,95.5012,0,0.0,1,360,0,566950.0
415,100.332,1,94.4793,2,678,0,1124040.0
416,124.486,0,0.0,2,396,0,892990.62
417,62.4288,1,67.63119999999999,1,440,0,737035.0
418,127.273,1,116.4966,2,864,0,1178270.0
419,70.2324,1,35.1162,1,240,0,621180.0
420,98.1024,0,0.0,1,304,0,700060.0
421,124.8576,0,0.0,2,784,0,1017059.0
422,148.8258,0,0.0,2,529,0,1059950.0
423,91.7852,0,0.0,1,520,0,557090.0
424,136.563,1,107.764,2,696,0,1552950.0
425,111.1084,0,0.0,1,297,0,685270.0
426,65.6803,1,63.3578,1,240,0,665550.0
427,152.7276,0,0.0,2,569,0,1355750.0
428,84.2603,0,0.0,1,352,0,537409.44
429,112.2232,0,0.0,2,628,0,963322.0
430,131.1748,0,0.0,2,576,0,862750.0
431,44.8707,1,46.8216,1,264,0,421022.0
432,101.0752,1,10.219,1,0,0,393907.0
433,71.0685,1,55.74,1,440,0,603925.0
434,86.02539999999999,1,62.9862,2,470,0,892330.0
435,58.527,0,0.0,1,0,0,399330.0
436,76.8283,1,77.4786,2,550,0,1045160.0
437,68.1886,1,35.6736,1,440,0,571880.0
438,83.9816,0,0.0,1,180,0,586670.0
439,64.4726,0,0.0,1,352,0,445425.5
440,63.5436,1,47.5648,1,528,0,542300.0
441,223.1458,0,0.0,2,672,1,2736150.0
442,133.77599999999998,0,0.0,2,0,0,581740.0
443,104.7912,1,41.3405,2,360,0,803097.0
444,116.8682,0,0.0,2,648,0,850425.0
445,86.67569999999999,1,90.5775,2,493,0,1035300.0
446,156.9081,0,0.0,1,480,0,628575.0
447,175.3952,0,0.0,2,578,0,936700.0
448,88.8124,1,86.39699999999999,2,431,0,985507.0
449,72.462,1,55.3684,2,198,0,589135.0
450,63.0791,1,46.8216,1,308,0,591600.0
451,75.5277,0,0.0,1,270,0,542300.0
453,82.4952,1,80.63719999999999,2,422,0,1005720.0
454,73.01939999999999,1,74.6916,2,676,0,1035300.0
455,160.53119999999998,0,0.0,2,560,0,926840.0
456,115.3818,0,0.0,1,528,0,865215.0
457,57.9696,1,66.88799999999999,1,513,0,483140.0
459,77.3857,1,77.3857,1,228,0,793730.0
460,90.9491,1,20.8096,1,352,0,542300.0
461,77.2928,1,102.4687,2,552,0,1298734.5499999998
462,53.4175,1,52.024,1,576,0,764150.0
463,80.26559999999999,0,0.0,1,360,0,307548.19
464,78.8721,1,75.3419,1,240,0,930291.0
465,96.616,0,0.0,2,0,0,611320.0
466,131.3606,0,0.0,2,398,0,881188.2
467,118.6333,0,0.0,1,526,0,823310.0
468,82.4952,1,70.2324,1,312,0,722245.0
469,151.7986,0,0.0,2,866,0,1232500.0
470,77.2928,1,81.5662,2,506,0,921910.0
471,139.5358,0,0.0,1,528,0,1045160.0
472,107.8569,1,75.0632,2,534,0,936700.0
473,99.5888,0,0.0,1,525,0,729640.0
474,183.5704,0,0.0,2,908,0,2169200.0
475,153.4708,0,0.0,2,499,1,1237430.0
476,90.113,0,0.0,1,624,0,653225.0
477,138.6997,0,0.0,2,508,0,1029877.0
478,192.2101,1,53.3246,2,694,1,1873400.0
479,159.60219999999998,0,0.0,2,826,0,1464210.0
480,105.0699,0,0.0,1,672,0,441092.03
481,171.86499999999998,0,0.0,2,772,0,1607180.0
482,166.4768,0,0.0,2,874,1,1843820.0
483,85.0964,1,84.539,1,164,1,764150.0
484,112.9664,0,0.0,2,402,0,808520.0
485,92.8071,0,0.0,1,264,0,653225.0
486,103.3977,0,0.0,1,264,0,724710.0
487,99.6817,0,0.0,1,515,0,769080.0
488,137.8636,0,0.0,2,487,0,862750.0
489,164.0614,1,60.1992,2,520,0,788800.0
490,58.527,0,0.0,1,286,0,423980.0
491,57.2264,1,63.9152,1,336,0,566950.0
492,88.9982,1,57.598,1,240,0,655690.0
493,67.63119999999999,1,67.63119999999999,2,429,0,851830.0499999999
494,117.8901,0,0.0,1,308,0,764150.0
495,82.3094,0,0.0,1,273,0,450109.0
496,66.88799999999999,0,0.0,1,0,0,172057.0
498,105.2557,1,63.8223,2,240,0,907120.0
499,83.5171,0,0.0,1,288,0,640900.0
500,84.7248,0,0.0,1,297,0,591600.0
501,62.4288,1,50.7234,1,264,0,557090.0
502,80.45139999999999,1,83.7958,2,603,0,1117631.0
503,112.7806,0,0.0,1,461,0,690200.0
504,167.31289999999998,0,0.0,2,484,0,1424770.0
505,79.42949999999999,1,43.3843,2,440,0,724710.0
506,89.184,1,92.9,2,400,0,613785.0
507,98.9385,1,78.5934,2,471,0,1059950.0
508,113.1522,0,0.0,2,676,0,1026919.0
509,64.0081,1,64.0081,2,360,0,793730.0
510,96.7089,0,0.0,1,270,0,613785.0
511,126.6227,0,0.0,1,288,0,812957.0
512,127.0872,0,0.0,2,474,0,999138.45
513,80.26559999999999,0,0.0,1,624,0,640407.0
514,100.332,0,0.0,1,484,0,660620.0
515,73.29809999999999,0,0.0,1,200,0,475745.0
516,187.658,0,0.0,2,900,1,1986104.73
517,128.0162,1,68.8389,2,583,0,778940.0
518,118.6333,1,99.1243,2,889,0,1306450.0
519,81.9378,1,84.9106,2,546,0,1040230.0
520,118.5404,1,74.6916,1,282,0,1153620.0
521,64.4726,1,55.74,2,0,0,523812.5
522,115.5676,0,0.0,1,336,0,739500.0
523,93.2716,1,61.314,2,420,0,783870.0
525,128.48069999999998,1,94.2935,2,834,0,1556647.5
526,117.6114,0,0.0,2,453,0,867680.0
527,86.21119999999999,0,0.0,1,252,0,650760.0
528,137.1204,1,114.9173,2,858,1,2200066.73
529,56.2045,0,0.0,1,0,0,423980.0
531,140.18609999999998,0,0.0,2,600,0,862750.0
532,69.7679,1,56.7619,2,502,0,631040.0
533,76.8283,0,0.0,1,392,0,529975.0
534,31.0286,0,0.0,1,0,0,193749.0
535,65.6803,1,65.6803,2,403,0,877540.0
536,76.178,1,48.9583,1,0,0,529975.0
537,81.752,1,78.4076,2,527,0,926840.0
538,80.26559999999999,0,0.0,1,576,0,548462.5
539,107.6711,0,0.0,1,336,0,778940.0
540,148.7329,0,0.0,2,670,0,1340960.0
541,170.7502,0,0.0,2,765,1,1552950.0
542,92.6213,1,119.6552,2,648,0,1222640.0
543,156.072,0,0.0,2,583,0,1051322.5
544,71.2543,0,0.0,1,367,0,655690.0
545,61.6856,1,77.2928,2,426,0,885748.45
546,127.9233,1,74.8774,2,786,0,1128970.0
547,85.0035,1,66.88799999999999,1,440,0,1035300.0
548,71.3472,0,0.0,1,624,0,638435.0
549,76.6425,0,0.0,1,720,0,616250.0
550,84.7248,1,109.8078,2,615,0,1296590.0
551,99.3101,0,0.0,2,440,0,690200.0
552,86.21119999999999,0,0.0,1,288,0,554625.0
553,159.5093,0,0.0,2,908,0,1259615.0
554,104.6054,0,0.0,2,520,0,532440.0
555,93.4574,1,96.616,2,871,0,1400120.0
556,97.3592,0,0.0,1,280,0,557090.0
557,101.4468,0,0.0,1,299,0,695130.0
558,83.3313,1,40.7831,1,570,0,532440.0
559,67.72409999999999,1,66.60929999999999,2,406,0,862750.0
560,144.6453,0,0.0,2,420,0,1153620.0
561,129.3168,0,0.0,1,528,0,598995.0
562,129.0381,0,0.0,1,418,0,838100.0
563,92.5284,0,0.0,1,0,0,532440.0
564,108.0427,1,47.4719,2,396,0,912050.0
565,108.3214,1,104.8841,2,590,0,1321240.0
566,78.1289,1,74.8774,1,216,0,631040.0
567,105.3486,1,127.273,2,656,1,1602250.0
568,142.6015,0,0.0,2,532,0,1055020.0
569,138.9784,1,59.0844,1,612,0,1560838.0
570,87.6047,0,0.0,1,600,0,670282.7999999999
571,160.53119999999998,0,0.0,2,576,0,703018.0
572,80.26559999999999,0,0.0,1,288,0,591600.0
573,78.5934,1,78.5934,2,650,0,1106785.0
574,71.9046,1,60.9424,2,400,0,838100.0
575,53.5104,1,49.5157,1,288,0,685270.0
576,77.2928,1,35.6736,1,336,0,584205.0
577,81.4733,1,55.74,2,216,0,714850.0
578,122.628,0,0.0,1,564,0,810985.0
579,65.3087,1,64.0081,2,540,0,719780.0
580,97.545,1,69.2105,2,352,0,648295.0
581,132.7541,0,0.0,1,572,0,896767.0
582,189.7018,0,0.0,2,1390,1,1248734.49
583,75.8064,0,0.0,1,0,0,584205.0
584,141.30089999999998,1,116.4966,3,880,0,1602250.0
585,91.8781,1,54.2536,1,240,0,655690.0
586,188.4012,0,0.0,2,880,0,1823607.0
587,77.8502,0,0.0,1,275,0,640900.0
588,79.89399999999999,0,0.0,1,528,0,675410.0
589,136.8417,0,0.0,1,452,1,704990.0
590,72.3691,0,0.0,1,308,0,391935.0
591,71.533,1,75.4348,2,520,0,916487.0
592,160.53119999999998,1,52.7672,2,842,1,2228113.5
593,75.8064,0,0.0,1,816,0,680340.0
594,78.7792,0,0.0,1,420,0,690200.0
595,85.83959999999999,0,0.0,1,280,0,542300.0
596,169.6354,0,0.0,2,758,0,1572670.0
597,63.5436,1,63.5436,1,216,0,564504.72
598,130.2458,0,0.0,0,648,0,957410.93
599,153.00629999999998,0,0.0,2,621,0,1072275.0
600,66.5164,1,78.036,2,452,0,744430.0
601,98.2882,1,78.5934,2,736,1,1355750.0
602,72.462,1,55.2755,1,544,0,695130.0
603,86.11829999999999,1,91.7852,2,506,0,1084600.0
604,55.74,1,55.74,2,480,0,744430.0
605,138.7926,0,0.0,2,530,0,1089530.0
606,110.1794,1,74.32,2,486,0,1010650.0
607,96.616,0,0.0,1,576,0,749360.0
608,103.3048,1,83.2384,3,230,1,1109250.0
609,180.226,1,116.4966,2,380,0,1770363.0
610,95.5941,0,0.0,1,261,0,584205.0
611,137.1204,1,62.8933,2,736,1,1543090.0
612,95.8728,0,0.0,2,564,0,729640.0
613,120.6771,1,53.2317,2,531,1,1289195.0
614,104.048,0,0.0,1,0,0,724710.0
615,58.527,0,0.0,1,0,0,372215.0
616,97.9166,0,0.0,1,480,0,677875.0
617,74.9703,1,65.2158,2,393,0,903176.0
618,77.2928,0,0.0,1,528,0,520115.0
619,169.8212,0,0.0,2,774,0,1552028.09
620,137.6778,1,72.462,2,749,0,1503650.0
621,80.26559999999999,0,0.0,1,0,0,330310.0
622,143.8092,1,99.0314,2,624,0,1183200.0
623,91.042,0,0.0,1,484,0,665550.0
624,70.2324,1,70.2324,2,440,0,830705.0
625,94.0148,1,72.2762,1,484,0,814189.5
626,103.6764,0,0.0,1,440,0,788800.0
627,132.1038,0,0.0,1,286,0,689707.0
628,141.208,0,0.0,1,364,0,754290.0
629,96.616,1,96.616,1,504,0,665550.0
630,125.415,0,0.0,1,520,0,830705.0
631,101.1681,1,61.4069,1,240,1,611320.0
632,144.3666,0,0.0,2,627,0,1032835.0
633,131.0819,0,0.0,2,544,0,406725.0
634,98.1024,0,0.0,1,260,0,687242.0
635,98.1024,0,0.0,0,576,0,709920.0
637,74.32,0,0.0,1,0,0,295800.0
638,75.3419,1,53.5104,2,256,0,458490.0
639,73.94839999999999,0,0.0,1,0,0,419050.0
640,145.5743,0,0.0,2,648,1,1304285.73
641,141.0222,0,0.0,1,588,1,1350820.0
642,98.1953,1,81.0088,2,650,0,1114180.0
643,185.8,1,65.4016,2,538,1,1700850.0
644,72.462,1,78.036,2,462,0,749360.0
645,164.0614,0,0.0,2,478,1,1828428.54
646,91.1349,0,0.0,1,576,0,706222.5
647,97.3592,0,0.0,1,420,0,484619.0
648,101.6326,0,0.0,1,495,0,764150.0
649,97.6379,1,73.20519999999999,1,442,0,764150.0
650,58.527,0,0.0,1,0,0,416585.0
651,76.3638,1,78.3147,2,562,0,1015333.5
652,70.1395,1,70.1395,1,296,0,532440.0
653,84.4461,1,74.9703,2,512,0,941630.0
654,70.2324,1,66.2377,1,216,0,665550.0
655,196.2977,0,0.0,2,839,0,1725500.0
656,48.7725,1,52.6743,1,264,0,433840.0
657,97.8237,0,0.0,1,312,0,717315.0
658,79.0579,1,60.4779,1,270,0,734570.0
659,84.7248,1,50.7234,1,330,0,480675.0
660,138.0494,0,0.0,1,480,0,823310.0
661,106.0918,1,73.66969999999999,2,550,0,975647.0
663,129.3168,0,0.0,1,576,0,542300.0
664,109.7149,0,0.0,2,588,0,677875.0
665,194.8113,0,0.0,1,1134,1,2085390.0
666,135.07659999999998,1,44.7778,2,504,0,1136365.0
667,136.0985,1,85.0035,2,596,0,635970.0
668,155.9791,0,0.0,2,575,0,953955.0
669,133.4973,0,0.0,1,576,0,828240.0
670,109.622,0,0.0,1,252,0,677875.0
671,68.5602,1,68.5602,2,540,0,855355.0
672,64.7513,1,62.4288,2,300,0,510748.0
673,112.2232,0,0.0,1,546,0,813450.0
674,170.8431,0,0.0,2,416,0,1269475.0
675,105.5344,0,0.0,1,384,0,690200.0
676,79.42949999999999,1,54.4394,2,440,0,732105.0
677,101.7255,1,63.0791,2,779,0,428910.0
678,73.57679999999999,0,0.0,1,240,0,539835.0
679,190.0734,0,0.0,2,834,0,1836425.0
680,91.7852,0,0.0,1,572,0,633505.0
681,85.74669999999999,0,0.0,2,264,0,704990.0
682,78.7792,1,62.4288,1,281,0,786009.62
683,119.9339,0,0.0,1,431,0,852890.0
684,154.9572,0,0.0,2,702,0,1405050.0
685,111.0155,1,59.8276,2,486,0,1089530.0
686,110.551,1,83.61,2,577,0,1022975.0
687,81.1946,1,82.4023,3,578,0,1123423.75
688,51.1879,1,51.1879,2,480,0,733584.0
689,131.8251,0,0.0,2,567,0,1932560.0
690,126.5298,0,0.0,2,460,0,959871.0
691,78.7792,0,0.0,1,420,0,695130.0
693,115.0102,1,119.0049,2,628,0,1651550.0
694,99.6817,0,0.0,1,326,0,534806.4
695,99.1243,1,43.8488,1,576,0,697595.0
696,105.6273,0,0.0,2,551,0,867680.0
697,57.2264,0,0.0,1,205,0,438770.0
698,106.6492,0,0.0,1,308,0,608855.0
699,83.0526,0,0.0,1,336,0,682805.0
700,129.2239,0,0.0,2,530,0,966280.0
701,167.22,0,0.0,2,765,0,1540625.0
702,108.1356,0,0.0,1,528,0,690200.0
703,117.4256,1,121.8848,2,666,1,1784260.67
704,95.8728,1,72.462,2,672,0,690200.0
705,137.8636,0,0.0,2,606,0,1050090.0
706,34.5588,1,66.88799999999999,2,0,0,271150.0
708,122.9996,0,0.0,2,550,0,1252220.0
709,67.63119999999999,1,67.63119999999999,2,400,0,885132.2
710,83.9816,0,0.0,1,408,0,541807.0
711,67.72409999999999,0,0.0,1,0,0,256360.0
712,79.80109999999999,1,29.6351,1,384,0,506685.68
713,114.0812,0,0.0,2,472,0,931770.0
714,89.184,0,0.0,1,576,0,635970.0
715,67.35249999999999,1,70.0466,2,475,0,643365.0
716,125.415,0,0.0,2,478,0,813450.0
717,146.41039999999998,1,90.8562,1,704,0,786335.0
718,109.4362,0,0.0,1,439,0,774010.0
719,123.0925,1,101.5397,2,983,0,1681130.0
720,90.2059,0,0.0,1,300,0,633505.0
721,161.8318,0,0.0,2,564,0,1355750.0
722,78.7792,0,0.0,1,420,0,704990.0
723,80.26559999999999,0,0.0,1,463,0,613785.0
724,92.6213,1,43.9417,2,548,0,665550.0
725,157.7442,0,0.0,2,768,1,1577600.0
726,80.26559999999999,0,0.0,1,660,0,594065.0
727,156.072,0,0.0,2,540,0,1094460.0
728,114.4528,0,0.0,2,632,0,958885.0
729,164.9904,0,0.0,2,888,0,542300.0
730,78.7792,0,0.0,1,539,0,507790.0
731,150.1264,0,0.0,2,608,0,1165945.0
732,106.4634,0,0.0,2,438,0,924375.0
733,107.1137,1,81.5662,2,541,0,1096925.0
734,106.2776,0,0.0,1,264,0,647802.0
735,88.0692,0,0.0,1,300,0,532440.0
736,81.752,1,82.4952,1,320,0,803590.0
737,96.616,0,0.0,2,400,0,460955.0
738,83.7029,1,83.61,2,800,0,1182707.0
739,111.48,0,0.0,3,0,0,882470.0
740,80.26559999999999,1,80.26559999999999,2,572,0,936700.0
741,71.3472,1,61.6856,2,360,0,650760.0
742,84.7248,0,0.0,1,288,0,700060.0
743,125.3221,0,0.0,2,539,0,882470.0
744,136.0056,0,0.0,2,480,0,862750.0
745,124.2073,0,0.0,2,462,0,887400.0
746,109.1575,1,143.066,3,831,0,1478014.0
747,91.042,1,118.5404,2,554,0,1163480.0
748,122.628,1,122.628,1,864,0,1311276.47
749,159.78799999999998,0,0.0,2,527,0,1283772.0
750,101.0752,1,40.9689,2,240,0,483140.0
751,73.57679999999999,1,32.3292,1,0,0,475745.0
752,61.314,1,61.314,2,400,0,798660.0
753,138.7926,0,0.0,2,576,0,1069810.0
754,96.4302,1,98.474,2,878,1,1358215.0
755,95.3154,0,0.0,1,440,0,769080.0
756,68.9318,1,67.72409999999999,2,440,0,850425.0
757,80.45139999999999,1,83.7958,2,578,0,1045160.0
758,62.4288,1,66.3306,2,440,0,783377.0
759,70.3253,1,69.1176,2,440,0,884442.0
760,123.3712,1,111.7587,2,752,0,1429700.0
761,80.26559999999999,0,0.0,1,300,0,628575.0
762,120.8629,0,0.0,1,440,0,493000.0
763,70.9756,1,72.7407,2,614,0,1060936.0
764,117.7972,1,101.9113,2,856,0,1661410.0
765,138.7926,0,0.0,1,481,1,1331100.0
766,139.9074,0,0.0,2,592,1,1302170.76
767,91.042,1,68.1886,2,496,0,968745.0
768,91.3207,1,71.2543,2,423,0,788800.0
769,170.5644,0,0.0,2,484,0,1069006.41
771,79.70819999999999,0,0.0,1,576,0,665057.0
772,113.338,0,0.0,1,396,0,502860.0
773,103.7693,0,0.0,1,672,0,527510.0
774,84.7248,0,0.0,1,275,0,564485.0
775,183.2917,0,0.0,2,895,0,1947350.0
776,111.8516,0,0.0,2,412,0,798660.0
777,149.9406,0,0.0,2,865,0,1091995.0
778,83.0526,0,0.0,1,440,0,702525.0
779,187.658,0,0.0,2,630,0,709920.0
780,93.2716,0,0.0,1,504,0,665550.0
781,116.4037,0,0.0,2,402,0,867680.0
782,75.249,1,73.66969999999999,2,484,0,867187.0
783,132.847,0,0.0,2,605,0,922403.0
784,103.119,0,0.0,1,602,0,815915.0
785,68.9318,1,68.9318,2,0,0,631040.0
786,124.6718,0,0.0,2,457,0,796195.0
787,89.7414,1,63.7294,2,416,0,685270.0
788,88.8124,1,104.7912,2,618,0,1148690.0
789,83.7029,0,0.0,1,281,0,531947.0
790,90.6704,1,103.2119,2,444,0,924375.0
791,106.3705,0,0.0,2,397,0,789786.0
792,98.6598,0,0.0,1,539,0,723724.0
793,104.6983,1,82.3094,2,455,0,1330064.7
794,138.9784,0,0.0,2,474,0,1109250.0
795,100.8894,1,75.1561,2,409,0,958885.0
796,82.4952,1,62.8004,2,476,0,843030.0
797,119.3765,0,0.0,1,528,0,707455.0
798,71.8117,0,0.0,1,240,0,542300.0
799,182.6414,1,109.0646,3,820,1,2391050.0
800,91.1349,1,73.11229999999999,1,240,0,862750.0
801,57.2264,1,99.5888,2,603,0,986000.0
802,111.1084,0,0.0,1,440,0,541807.0
803,67.63119999999999,1,67.63119999999999,2,410,0,931770.0
804,161.0886,1,101.0752,3,1020,1,2873859.69
805,104.7912,0,0.0,1,286,0,581740.0
806,132.6612,0,0.0,2,554,1,1122462.4
807,91.042,0,0.0,2,384,0,668015.0
808,99.5888,1,46.8216,1,528,0,1101855.0
809,100.8894,0,0.0,1,484,0,788553.5
810,99.8675,1,98.7527,2,360,0,522580.0
811,121.6061,0,0.0,1,484,0,892330.0
812,78.7792,0,0.0,1,420,0,712385.0
813,96.9876,0,0.0,1,504,0,276045.49
814,133.96179999999998,0,0.0,1,301,0,778447.0
815,63.7294,1,52.3956,1,280,0,571880.0
816,154.30689999999998,0,0.0,2,598,0,1108757.0
817,93.6432,0,0.0,1,275,0,675410.0
818,156.9081,0,0.0,2,857,0,1336030.0
819,97.7308,0,0.0,1,440,0,764150.0
820,126.1582,0,0.0,2,484,0,1104320.0
821,74.13419999999999,1,78.2218,2,595,0,902190.0
822,86.95439999999999,0,0.0,1,576,0,458490.0
823,78.6863,1,82.3094,2,433,0,1109250.0
824,87.6976,1,50.6305,2,240,0,687735.0
825,138.3281,0,0.0,2,776,0,1146718.0
826,193.6036,0,0.0,2,1220,1,1898050.0
827,72.8336,0,0.0,1,0,0,539835.0
828,133.21859999999998,0,0.0,2,527,0,931770.0
829,107.764,1,89.7414,2,538,0,912050.0
830,48.308,1,57.8767,2,480,0,726682.0
831,129.3168,0,0.0,1,458,0,818380.0
832,48.308,1,55.74,2,480,0,744430.0
833,87.4189,1,82.4952,2,613,0,1168410.0
834,140.8364,0,0.0,1,472,0,823310.0
835,106.2776,0,0.0,1,456,0,689953.5
836,99.1243,0,0.0,2,436,0,631040.0
837,144.8311,0,0.0,1,812,0,756755.0
838,44.8707,1,46.8216,1,264,0,493000.0
839,102.0971,0,0.0,1,352,0,709920.0
840,71.3472,1,40.1328,1,240,0,643365.0
841,75.249,1,62.4288,2,400,0,690200.0
842,88.9982,1,53.9749,2,686,0,776475.0
843,108.2285,0,0.0,1,490,0,862257.0
844,167.22,0,0.0,2,0,0,695130.0
845,81.3804,1,50.166,1,720,0,758727.0
846,158.0229,0,0.0,2,611,0,843030.0
847,93.4574,1,71.4401,2,425,0,1050090.0
848,80.26559999999999,0,0.0,1,338,0,658155.0
850,101.6326,1,70.6969,2,512,0,921910.0
851,78.7792,0,0.0,1,420,0,648295.0
852,135.2624,0,0.0,2,400,0,1059950.0
853,85.2822,1,67.63119999999999,2,240,0,808520.0
854,134.2405,0,0.0,1,645,0,778940.0
855,165.26909999999998,0,0.0,1,454,0,838100.0
856,96.616,0,0.0,1,260,0,626110.0
857,95.3154,0,0.0,1,576,0,724710.0
858,65.2158,1,72.3691,2,343,0,857820.0
859,127.273,0,0.0,2,479,0,749360.0
860,140.4648,1,106.0918,2,619,0,1232500.0
861,84.7248,1,47.7506,1,216,0,936453.5
862,96.5231,0,0.0,1,504,0,648295.0
863,101.9113,0,0.0,2,480,0,749360.0
864,106.6492,0,0.0,1,672,0,653225.0
865,127.4588,0,0.0,2,529,0,1235359.4
866,93.0858,0,0.0,1,902,0,732105.0
867,152.9134,0,0.0,2,870,0,1227077.0
868,104.048,0,0.0,1,544,0,635970.0
869,143.7163,1,66.88799999999999,2,672,0,833170.0
870,98.6598,1,82.4023,2,574,0,1163480.0
871,83.0526,0,0.0,1,308,0,539835.0
872,74.6916,1,81.5662,2,523,0,988465.0
873,84.539,0,0.0,1,414,0,571880.0
874,96.2444,0,0.0,1,288,0,655690.0
875,62.8004,1,42.2695,1,200,0,327845.0
876,109.9936,1,132.4754,2,550,1,1496141.61
877,96.616,0,0.0,1,648,0,651992.5
878,135.8198,1,70.7898,2,738,1,1725500.0
879,107.2995,0,0.0,1,576,0,729640.0
880,80.26559999999999,0,0.0,1,336,0,672945.0
881,101.261,0,0.0,1,450,0,774010.0
882,110.2723,1,49.237,2,400,0,924375.0
883,75.0632,1,72.9265,2,389,0,877540.0
884,88.6266,1,73.85549999999999,1,440,0,584205.0
885,82.8668,0,0.0,1,288,0,493000.0
886,158.7661,0,0.0,2,506,0,1621477.0
887,159.04479999999998,0,0.0,2,588,0,714850.0
888,81.0088,1,48.4009,1,300,0,668015.0
889,205.9593,0,0.0,2,621,0,1321240.0
890,139.81449999999998,0,0.0,1,505,0,737035.0
891,62.4288,1,23.4108,1,576,0,605897.0
892,85.2822,1,71.0685,2,440,0,850425.0
893,99.2172,0,0.0,1,264,0,761685.0
894,128.48069999999998,0,0.0,1,354,0,813450.0
895,142.6015,0,0.0,2,400,0,585969.94
896,91.3207,1,75.5277,1,483,0,690200.0
897,88.3479,0,0.0,1,327,0,525045.0
898,104.048,1,104.048,2,528,0,704758.2899999999
899,219.6156,0,0.0,2,820,1,3015469.01
900,114.8244,0,0.0,1,288,0,665550.0
901,79.70819999999999,0,0.0,1,684,0,542300.0
902,121.3274,0,0.0,1,756,0,754290.0
903,74.9703,1,65.2158,2,393,0,887400.0
904,155.143,0,0.0,2,690,0,1183200.0
905,83.7958,0,0.0,1,288,0,618715.0
906,98.7527,0,0.0,1,280,0,631040.0
907,151.9844,0,0.0,2,865,0,1257150.0
908,94.758,1,96.3373,1,180,0,1232500.0
909,83.7958,0,0.0,1,484,0,645830.0
910,68.9318,1,68.9318,2,390,0,857820.0
911,102.6545,1,108.6001,2,480,0,760699.0
912,117.7972,0,0.0,1,252,0,707455.0
913,94.2935,0,0.0,1,450,0,433840.0
914,92.9929,1,92.9929,2,871,0,714850.0
915,56.8548,1,56.8548,2,528,0,856503.69
916,50.7234,1,50.7234,1,286,0,369750.0
917,44.592,0,0.0,0,308,0,174083.22999999998
918,114.1741,0,0.0,1,284,0,665550.0
919,84.7248,1,112.8735,2,833,0,1173340.0
920,131.3606,0,0.0,1,601,0,870145.0
921,86.95439999999999,1,72.9265,2,471,0,990930.0
922,118.1688,1,86.21119999999999,2,0,0,719287.0
923,122.2564,0,0.0,2,397,0,838050.7
924,150.2193,0,0.0,2,533,0,951490.0
925,156.6294,0,0.0,2,612,0,1022975.0
926,104.6054,0,0.0,2,540,1,862750.0
927,114.6386,1,105.906,2,656,1,1405050.0
928,102.0042,1,81.752,2,486,0,867680.0
929,166.1052,0,0.0,2,522,1,1165945.0
930,92.2497,1,115.4747,2,642,0,1094460.0
931,136.1914,0,0.0,2,610,0,990930.0
932,85.93249999999999,0,0.0,1,429,0,579275.0
933,176.9745,0,0.0,2,788,1,1577600.0
934,139.35,0,0.0,2,570,0,936700.0
935,192.2101,0,0.0,2,505,0,1193060.0
936,69.3963,0,0.0,1,528,0,393907.0
937,111.48,0,0.0,2,555,0,911557.0
938,103.3977,1,79.70819999999999,2,689,0,1247290.0
939,129.2239,1,53.0459,2,868,0,1182209.0699999998
940,112.1303,1,111.1084,2,349,0,1204892.0
941,160.53119999999998,0,0.0,2,574,0,743937.0
942,94.9438,1,96.4302,2,390,0,1055020.0
943,133.77599999999998,0,0.0,2,0,0,739500.0
944,151.6128,0,0.0,2,576,0,704990.0
945,124.8576,0,0.0,1,525,0,677875.0
946,110.3652,1,52.1169,1,456,0,615757.0
947,106.2776,0,0.0,1,796,0,704990.0
948,151.3341,0,0.0,2,808,0,1331100.0
949,86.95439999999999,1,78.036,2,474,0,949025.0
950,128.29489999999998,0,0.0,1,676,0,973675.0
951,80.26559999999999,0,0.0,1,720,0,635970.0
952,89.6485,0,0.0,1,300,0,591107.0
953,71.3472,0,0.0,1,396,0,660127.0
954,108.5072,1,74.32,2,530,0,847960.0
955,91.042,0,0.0,2,0,0,628575.0
956,90.9491,1,90.9491,2,492,0,714850.0
957,52.1169,1,62.0572,1,462,0,611320.0
958,98.1953,0,0.0,1,576,0,650760.0
959,124.2073,0,0.0,2,531,0,912050.0
960,64.6584,1,66.88799999999999,2,484,0,764150.0
961,79.70819999999999,0,0.0,1,0,0,574345.0
962,143.2518,1,123.557,2,619,0,1340960.0
963,74.6916,1,69.1176,2,440,0,764150.0
964,167.22,0,0.0,2,702,1,1178270.0
965,76.5496,1,99.403,2,510,0,1059457.0
966,72.7407,1,65.1229,2,393,0,881977.0
967,90.6704,1,30.8428,1,256,0,788800.0
968,102.0042,0,0.0,1,260,0,665550.0
969,55.74,1,34.1872,1,0,0,186847.0
970,101.7255,0,0.0,1,264,0,690200.0
971,66.88799999999999,1,43.8488,1,0,0,665550.0
972,70.9756,1,80.07979999999999,2,474,0,852890.0
973,85.2822,0,0.0,2,264,0,490535.0
974,132.6612,0,0.0,2,480,0,897260.0
975,105.5344,1,82.0307,1,532,0,825775.0
976,62.5217,1,65.8661,2,490,0,813450.0
977,80.7301,0,0.0,1,0,0,421515.0
978,115.2889,0,0.0,1,569,0,985507.0
979,83.0526,0,0.0,1,400,0,542300.0
980,104.1409,0,0.0,1,480,0,685270.0
981,92.8071,0,0.0,1,588,1,879512.0
982,118.5404,1,124.1144,2,676,0,1656480.0
983,117.6114,0,0.0,2,388,0,788282.35
984,106.7421,1,105.9989,2,779,0,1261587.0
985,120.9558,1,40.1328,2,539,0,621180.0
986,108.1356,0,0.0,1,240,0,616250.0
987,92.9929,1,58.8986,1,255,0,576810.0
988,180.226,0,0.0,2,606,1,1948296.56
989,103.8622,1,84.7248,2,551,0,961350.0
990,72.2762,1,74.13419999999999,2,614,0,971210.0
991,130.7103,1,91.5065,2,870,0,1715640.0
992,85.0964,1,76.7354,1,424,0,828240.0
993,94.758,1,77.1999,2,440,0,921910.0
994,69.675,1,69.675,2,564,0,857327.0
995,159.60219999999998,0,0.0,2,786,1,1663875.0
996,71.9046,1,42.3624,1,305,0,599488.0
997,97.545,0,0.0,1,368,0,672945.0
998,133.96179999999998,0,0.0,2,615,0,912050.0
999,100.0533,0,0.0,1,210,0,448630.0
1000,112.2232,0,0.0,2,632,0,1015580.0
1001,87.6976,0,0.0,1,528,0,404260.0
1002,64.1939,0,0.0,1,216,1,423980.0
1003,146.22459999999998,0,0.0,2,824,0,1143760.0
1004,156.072,0,0.0,2,528,0,674941.6499999999
1005,139.7216,0,0.0,2,457,0,892330.0
1006,91.5065,0,0.0,2,328,0,739007.0
1007,153.93529999999998,0,0.0,2,484,0,806055.0
1008,50.7234,1,50.7234,1,286,0,433840.0
1009,158.85899999999998,0,0.0,2,550,0,1183200.0
1010,93.6432,0,0.0,2,0,0,502860.0
1011,66.88799999999999,1,51.1879,2,312,0,665550.0
1012,154.5856,0,0.0,2,0,0,493000.0
1013,83.61,1,55.9258,1,180,0,813450.0
1014,94.9438,0,0.0,1,280,0,419050.0
1015,100.5178,0,0.0,1,240,0,587656.0
1016,75.249,1,79.42949999999999,2,528,0,1119110.0
1017,139.7216,0,0.0,2,478,0,1000790.0
1018,126.344,0,0.0,1,565,0,924375.0
1019,74.5058,1,62.243,2,402,0,788800.0
1020,139.9074,0,0.0,2,440,0,1052505.7
1021,105.1628,0,0.0,1,451,0,867680.0
1022,113.338,0,0.0,2,632,0,956420.0
1023,84.7248,1,31.2144,1,160,0,428910.0
1024,139.7216,0,0.0,2,437,0,941630.0
1026,81.9378,0,0.0,1,461,0,554625.0
1027,117.4256,0,0.0,1,461,0,825775.0
1028,152.9134,0,0.0,2,800,0,1444869.61
1029,89.9272,1,37.9032,1,240,0,517650.0
1030,62.4288,1,50.7234,1,264,0,581740.0
1031,88.0692,1,91.042,2,0,0,788800.0
1032,156.7223,1,92.7142,2,672,0,971210.0
1033,125.6008,1,108.5072,2,796,0,1528300.0
1034,153.6566,0,0.0,2,900,0,1133900.0
1035,88.6266,0,0.0,1,240,0,590367.5
1036,78.5005,0,0.0,1,290,0,414120.0
1037,150.498,0,0.0,2,912,1,1555415.0
1038,98.0095,1,112.2232,2,905,0,1414910.0
1039,74.13419999999999,1,50.7234,1,0,0,478210.0
1040,58.527,0,0.0,1,286,0,394400.0
1041,167.4987,0,0.0,2,484,0,764150.0
1042,74.32,1,77.2928,1,484,0,852890.0
1043,121.3274,0,0.0,2,624,0,966280.0
1044,142.3228,1,74.04129999999999,2,514,0,1293040.4
1046,160.9957,0,0.0,2,452,0,688228.0
1047,185.0568,1,81.3804,3,716,1,2743944.33
1048,91.971,0,0.0,1,672,0,714850.0
1049,164.5259,0,0.0,1,336,0,566950.0
1050,86.39699999999999,0,0.0,1,308,0,418557.0
1051,120.9558,0,0.0,2,436,0,870071.0499999999
1052,122.2564,0,0.0,2,440,0,986695.13
1053,104.6983,1,78.965,1,540,0,813450.0
1054,141.7654,0,0.0,1,364,0,712385.0
1055,101.3539,1,83.4242,2,586,0,1257150.0
1056,141.48669999999998,0,0.0,2,478,0,887400.0
1057,126.7156,0,0.0,2,484,0,916240.5
1058,90.9491,1,80.9159,2,467,0,1222640.0
1059,104.977,1,97.9166,2,836,1,1651550.0
1060,101.8184,1,83.1455,1,432,0,1084600.0
1061,124.3002,0,0.0,2,582,0,1052555.0
1062,83.0526,0,0.0,1,1248,0,399330.0
1063,132.1038,1,85.0035,2,560,0,443700.0
1064,102.4687,0,0.0,1,440,0,544765.0
1065,107.2066,0,0.0,1,480,0,759220.0
1066,121.3274,1,88.6266,2,533,0,1617040.0
1067,74.2271,1,71.7188,2,380,0,877540.0
1068,74.13419999999999,1,75.5277,1,442,0,827747.0
1069,119.9339,1,114.267,2,576,0,746402.0
1070,82.9597,0,0.0,1,576,0,665550.0
1071,97.3592,0,0.0,1,286,0,665550.0
1072,77.0141,1,67.53829999999999,1,441,0,759220.0
1073,93.0858,1,42.1766,1,280,0,451095.0
1074,64.8442,1,67.63119999999999,1,440,0,786335.0
1075,115.196,0,0.0,2,826,0,956420.0
1076,89.184,1,72.462,1,240,0,1082135.0
1077,101.8184,1,34.373,2,566,0,838100.0
1078,101.8184,0,0.0,1,299,0,684284.0
1079,78.7792,0,0.0,1,420,0,768587.0
1080,91.971,0,0.0,1,299,0,621180.0
1081,116.8682,0,0.0,2,528,0,714850.0
1082,96.616,0,0.0,1,308,0,655690.0
1083,135.5411,0,0.0,2,527,0,946560.0
1084,116.2179,0,0.0,1,461,0,788800.0
1085,64.1939,1,74.9703,2,409,0,924375.0
1086,92.5284,0,0.0,1,564,0,724710.0
1087,50.7234,1,50.7234,1,286,0,411655.0
1088,100.5178,1,80.9159,2,1043,0,1242360.0
1089,90.113,1,68.6531,2,380,0,677875.0
1090,115.8463,0,0.0,1,550,0,971210.0
1091,96.616,0,0.0,2,400,0,457997.0
1092,57.9696,1,58.3412,2,462,0,788800.0
1093,129.131,1,28.2416,2,576,0,672945.0
1094,111.48,0,0.0,1,884,0,719780.0
1095,86.95439999999999,0,0.0,1,308,0,635970.0
1096,122.0706,0,0.0,2,440,0,869809.7599999999
1097,71.8117,1,54.0678,1,0,0,626110.0
1098,101.0752,0,0.0,1,461,0,838100.0
1099,70.3253,1,52.6743,1,240,0,631040.0
1100,148.7329,0,0.0,2,478,0,774010.0
1101,40.6902,0,0.0,1,246,0,295800.0
1102,88.255,0,0.0,1,280,0,589135.0
1103,105.3486,0,0.0,1,254,0,665550.0
1104,110.9226,0,0.0,1,539,0,786335.0
1105,58.527,1,62.4288,2,440,0,522580.0
1106,139.35,1,104.2338,2,712,0,1602250.0
1107,133.96179999999998,0,0.0,2,719,0,886907.0
1108,82.4023,1,105.3486,2,422,0,1354394.25
1109,88.0692,1,68.9318,2,463,0,892330.0
1110,170.5644,0,0.0,2,862,0,1380400.0
1111,71.8117,1,82.2165,2,431,0,926840.0
1112,102.0042,1,80.45139999999999,2,483,0,1010650.0
1113,75.8064,0,0.0,1,308,0,640407.0
1114,93.6432,0,0.0,1,240,0,663085.0
1115,77.3857,0,0.0,1,326,0,576810.0
1116,161.0886,0,0.0,2,928,1,1567740.0
1117,72.3691,1,59.456,2,527,0,907613.0
1118,83.0526,0,0.0,1,450,0,640900.0
1119,94.8509,1,53.882,1,300,0,690200.0
1120,96.616,0,0.0,1,286,0,659141.0
1121,94.0148,0,0.0,1,308,0,583712.0
1122,144.1808,0,0.0,2,782,0,1049597.0
1123,89.184,0,0.0,1,288,0,552160.0
1124,64.8442,0,0.0,1,0,0,581740.0
1125,75.4348,1,62.243,2,392,0,808027.0
1126,93.3645,0,0.0,1,672,0,566950.0
1127,144.4595,0,0.0,2,660,0,857820.0
1128,142.137,0,0.0,2,630,0,1276870.0
1129,78.6863,1,103.3048,2,434,0,1059950.0
1130,86.95439999999999,0,0.0,1,672,0,690200.0
1131,123.3712,1,60.6637,2,576,0,665550.0
1132,90.4846,0,0.0,1,0,0,460955.0
1133,109.4362,1,95.8728,2,205,0,579275.0
1134,106.0918,1,81.5662,2,466,0,1180735.0
1135,85.0964,1,63.5436,2,460,0,833170.0
1136,91.5994,0,0.0,1,180,0,502860.0
1137,95.8728,1,20.438,1,288,0,586670.0
1138,72.462,1,22.296,1,0,0,463420.0
1139,145.5743,0,0.0,2,714,0,966280.0
1140,108.4143,0,0.0,1,495,0,709920.0
1141,88.4408,0,0.0,1,840,0,685270.0
1142,101.0752,1,72.462,2,484,0,973675.0
1143,136.1914,1,126.5298,3,1052,0,2094609.1
1144,93.4574,0,0.0,1,0,0,394400.0
1145,62.4288,1,23.4108,1,280,0,394400.0
1146,96.8018,1,49.6086,1,225,0,734570.0
1147,120.5842,0,0.0,2,403,0,887400.0
1148,79.89399999999999,1,65.4016,1,234,0,860285.0
1149,53.1388,1,50.0731,1,288,0,576317.0
1150,77.2928,1,60.385,1,324,0,704990.0
1151,86.58279999999999,0,0.0,1,306,0,611320.0
1152,136.1914,0,0.0,1,528,0,739007.0
1153,168.2419,0,0.0,1,470,1,1133900.0
1154,75.8064,0,0.0,1,432,0,594065.0
1155,83.7958,1,85.2822,1,492,0,994874.0
1156,133.4973,0,0.0,2,528,0,1074740.0
1157,117.5185,0,0.0,2,502,0,886907.0
1158,122.0706,0,0.0,2,626,0,1133900.0
1159,146.78199999999998,0,0.0,2,830,0,1159181.04
1160,87.6047,1,86.67569999999999,2,540,0,912050.0
1161,79.42949999999999,1,55.8329,2,440,0,719780.0
1162,152.356,0,0.0,1,924,0,1104320.0
1163,83.0526,0,0.0,1,450,0,635970.0
1164,116.8682,0,0.0,0,400,0,537167.87
1165,133.0328,0,0.0,1,588,0,956420.0
1166,139.5358,0,0.0,2,644,0,1149528.1
1167,157.3726,0,0.0,2,776,0,1209575.5
1168,89.0911,1,66.1448,2,472,0,852890.0
1169,114.8244,1,81.0088,2,540,0,1158550.0
1170,170.0999,1,166.8484,3,807,0,3081250.0
1171,103.8622,0,0.0,1,358,0,843030.0
1172,117.1469,0,0.0,1,433,0,803590.0
1173,58.0625,1,58.0625,2,625,0,847467.0
1174,151.9844,1,90.2059,3,0,1,988465.0
1175,108.693,1,109.1575,2,360,0,1178270.0
1176,197.7841,1,69.0247,2,541,0,1405050.0
1177,85.74669999999999,0,0.0,1,264,0,589135.0
1178,75.9922,1,37.7174,1,210,0,566950.0
1179,76.178,1,48.5867,1,186,0,763657.0
1180,104.4196,0,0.0,1,0,0,458490.0
1181,120.5842,1,112.9664,2,693,0,1232500.0
1182,153.4708,0,0.0,2,482,0,1935025.0
1184,104.977,0,0.0,1,720,0,591600.0
1185,146.03879999999998,0,0.0,1,995,0,920431.0
1186,88.1621,1,25.2688,1,392,0,517157.0
1187,94.2006,1,63.6365,2,420,0,468350.0
1188,150.8696,0,0.0,2,757,0,1291660.0
1189,77.1999,1,77.0141,2,493,0,961350.0
1190,95.5012,1,72.0904,2,442,0,931770.0
1191,150.6838,0,0.0,1,1356,0,828240.0
1192,70.9756,1,62.8933,2,492,0,857820.0
1193,78.2218,1,58.527,1,250,0,616250.0
1194,113.7096,0,0.0,2,402,0,813450.0
1195,61.5927,1,64.0081,1,299,0,778940.0
1196,67.63119999999999,1,67.63119999999999,2,400,0,867680.0
1197,81.6591,1,91.4136,2,660,0,1080705.3
1198,75.7135,1,81.2875,1,225,0,709920.0
1199,112.5948,0,0.0,2,573,0,877540.0
1200,128.3878,0,0.0,1,459,0,729640.0
1201,80.26559999999999,0,0.0,1,280,0,572126.5
1202,80.45139999999999,1,84.8177,2,546,0,975647.0
1203,82.1236,1,43.1056,1,216,0,576810.0
1204,151.427,0,0.0,2,451,0,1050090.0
1205,99.7746,0,0.0,1,495,0,756755.0
1206,204.0084,0,0.0,2,701,0,1340467.0
1207,98.1024,0,0.0,1,384,0,527510.0
1208,157.93,0,0.0,2,544,0,986000.0
1209,119.1907,0,0.0,1,506,0,690200.0
1210,154.214,0,0.0,2,500,0,1429700.0
1211,98.0095,1,73.39099999999999,2,462,0,931770.0
1212,100.332,1,62.4288,2,492,0,808520.0
1213,62.4288,0,0.0,1,234,0,557090.0
1214,89.184,0,0.0,0,364,0,714850.0
1215,92.8071,0,0.0,1,300,0,663085.0
1216,83.0526,0,0.0,1,384,0,616250.0
1217,122.4422,1,54.2536,2,539,0,552160.0
1218,122.0706,0,0.0,2,552,0,1131218.0799999998
1219,62.4288,1,22.296,1,0,0,396865.0
1220,62.4288,1,50.7234,1,0,0,451095.0
1221,84.7248,0,0.0,1,288,0,566950.0
1222,112.5019,0,0.0,1,322,0,660620.0
1223,108.5072,1,62.9862,2,315,0,704990.0
1224,198.4344,0,0.0,2,528,0,679847.0
1225,73.20519999999999,1,65.2158,2,388,0,907120.0
1226,105.7202,0,0.0,1,264,0,714850.0
1227,83.0526,1,96.5231,2,668,0,1055020.0
1228,84.7248,0,0.0,1,576,0,724710.0
1229,158.1158,0,0.0,1,1052,1,1810759.42
1230,140.00029999999998,0,0.0,2,404,0,626110.0
1231,126.4369,1,116.9611,2,600,0,936700.0
1232,110.551,0,0.0,1,540,0,653225.0
1233,113.7096,0,0.0,2,462,0,501874.0
1234,110.3652,0,0.0,1,531,0,700060.0
1235,95.1296,1,87.326,1,0,0,640900.0
1236,82.8668,1,82.8668,1,180,0,684712.9099999999
1237,70.9756,1,80.07979999999999,2,474,0,865215.0
1238,78.6863,1,102.2829,2,434,0,961350.0
1239,105.9989,0,0.0,1,484,0,702525.0
1240,137.8636,0,0.0,2,472,1,1310887.0
1241,82.1236,1,82.1236,2,543,0,1108757.0
1242,156.9081,0,0.0,2,954,0,1224257.04
1243,108.9717,0,0.0,2,528,0,838100.0
1244,192.8604,0,0.0,2,850,1,2292450.0
1245,73.57679999999999,1,67.35249999999999,1,400,0,1133900.0
1246,105.906,1,67.63119999999999,3,477,0,877540.0
1247,70.2324,1,74.04129999999999,2,615,0,919445.0
1248,96.0586,0,0.0,1,888,0,837607.0
1249,105.3486,1,85.83959999999999,1,396,0,638435.0
1250,91.7852,0,0.0,1,276,0,586670.0
1251,196.019,0,0.0,2,522,1,1202920.0
1252,130.5245,0,0.0,2,478,0,846727.5
1253,81.1946,0,0.0,1,288,0,640900.0
1254,140.8364,1,60.4779,2,518,0,1449420.0
1255,70.604,1,83.2384,2,397,0,815422.0
1256,89.0911,1,37.9032,1,560,0,628575.0
1257,184.5923,0,0.0,2,691,0,1486395.0
1258,80.26559999999999,0,0.0,1,0,0,492507.0
1259,108.3214,0,0.0,2,400,0,936700.0
1260,97.9166,0,0.0,1,460,0,744430.0
1261,82.8668,1,72.7407,2,502,0,892330.0
1262,97.545,0,0.0,1,338,0,635477.0
1263,102.5616,1,63.5436,1,304,0,796195.0
1264,98.474,1,70.9756,1,520,0,889865.0
1265,124.2073,0,0.0,2,511,0,892330.0
1266,66.2377,1,68.6531,2,506,0,906627.0
1267,89.5556,1,85.93249999999999,1,308,0,601460.0
1268,187.4722,0,0.0,2,746,1,1866005.0
1269,182.8272,1,137.3991,3,1014,0,1878330.0
1270,81.1946,1,60.385,1,315,0,709920.0
1271,123.7428,1,17.8368,0,586,0,1281800.0
1272,138.3281,0,0.0,2,462,0,915747.5
1273,86.86149999999999,0,0.0,1,288,0,675410.0
1274,126.0653,0,0.0,1,312,1,872610.0
1275,61.4069,1,54.7181,2,552,0,685270.0
1276,86.21119999999999,1,92.1568,2,400,0,675410.0
1277,68.2815,1,61.314,1,497,0,798660.0
1278,160.15959999999998,0,0.0,1,480,0,975647.0
1279,104.7912,1,83.8887,2,577,0,1168410.0
1280,64.8442,1,39.947,1,528,0,337212.0
1281,146.1317,0,0.0,2,544,0,1119110.0
1282,124.3931,0,0.0,2,484,0,887400.0
1283,96.616,0,0.0,2,484,0,741965.0
1284,84.7248,1,84.7248,2,0,0,685270.0
1285,157.8371,1,69.4892,2,336,0,833170.0
1286,76.6425,1,54.5323,1,280,0,653225.0
1287,123.3712,0,0.0,1,528,0,704990.0
1288,146.96779999999998,0,0.0,2,390,0,936700.0
1289,154.12109999999998,0,0.0,2,499,1,1370540.0
1290,104.048,1,78.965,2,753,1,1385330.0
1291,107.0208,0,0.0,1,484,0,889865.0
1292,58.527,1,62.4288,2,264,0,589135.0
1293,128.0162,1,92.3426,2,432,0,529975.0
1294,77.2928,1,77.2928,2,528,0,803097.0
1295,80.26559999999999,0,0.0,1,572,0,566950.0
1296,97.7308,0,0.0,1,288,0,682805.0
1297,104.7912,0,0.0,2,525,0,764150.0
1298,99.5888,0,0.0,2,525,0,690200.0
1300,115.7534,0,0.0,1,305,0,759220.0
1301,93.3645,1,90.8562,2,490,0,1109250.0
1302,69.9537,1,68.8389,1,213,0,875075.0
1303,111.7587,1,122.9067,2,844,0,1429700.0
1304,150.1264,0,0.0,2,834,0,1143760.0
1305,90.6704,1,68.0028,2,380,0,640900.0
1306,153.4708,0,0.0,2,840,1,1602250.0
1307,127.0872,0,0.0,2,474,0,998325.0
1308,91.971,0,0.0,1,480,0,680340.0
1309,104.2338,0,0.0,1,528,0,724710.0
1310,120.2126,0,0.0,2,496,0,883456.0
1311,176.6958,0,0.0,2,567,1,1651550.0
1312,118.3546,0,0.0,2,508,0,1000790.0
1313,134.9837,1,126.0653,2,750,0,1488860.0
1314,132.1038,1,109.3433,2,779,0,1642518.24
1315,88.0692,0,0.0,1,280,0,586670.0
1316,101.4468,1,94.758,2,576,0,1020017.0
1317,151.427,0,0.0,2,860,1,1456780.49
1318,125.6008,0,0.0,2,466,0,1029877.0
1319,166.01229999999998,0,0.0,2,748,0,1355750.0
1320,88.0692,0,0.0,1,248,0,547230.0
1321,137.3062,0,0.0,1,442,0,771545.0
1322,66.88799999999999,0,0.0,1,287,0,357425.0
1323,98.5669,1,80.07979999999999,2,564,0,936700.0
1324,65.7732,0,0.0,1,0,0,406725.0
1325,166.75549999999998,0,0.0,2,895,0,724710.0
1326,73.94839999999999,0,0.0,1,0,0,271150.0
1327,71.9046,0,0.0,1,0,0,389470.0
1328,75.8064,0,0.0,1,264,0,643365.0
1329,147.15359999999998,1,112.2232,2,520,0,1262080.0
1330,88.7195,1,62.8933,2,462,0,870145.0
1331,147.52519999999998,0,0.0,2,825,0,1119110.0
1332,88.6266,0,0.0,1,576,0,653225.0
1333,75.8064,0,0.0,1,288,0,493000.0
1334,74.5987,1,51.7453,1,297,0,618715.0
1335,71.0685,1,55.74,1,440,0,616250.0
1336,123.9286,0,0.0,2,630,0,827747.0
1337,153.8424,0,0.0,2,506,0,665550.0
1338,64.3797,0,0.0,1,0,0,258825.0
1339,85.468,1,87.4189,2,492,0,986000.0
1340,80.26559999999999,0,0.0,1,288,0,633505.0
1341,81.0088,0,0.0,1,480,0,606390.0
1342,103.4906,0,0.0,1,576,0,764150.0
1343,119.2836,1,82.2165,2,647,0,1126505.0
1344,108.8788,1,68.8389,1,342,0,872610.0
1345,67.63119999999999,1,67.63119999999999,2,440,0,768266.5499999999
1346,89.184,0,0.0,1,308,0,534905.0
1347,200.2924,0,0.0,2,508,0,1294125.0
1348,164.9904,0,0.0,2,712,0,1397472.59
1349,138.7926,0,0.0,2,514,0,1059950.0
1350,87.1402,1,112.8735,2,0,0,601460.0
1351,124.3002,1,120.3984,2,968,0,986000.0
1352,79.70819999999999,1,79.70819999999999,1,490,0,843030.0
1353,73.01939999999999,1,36.231,1,624,0,665057.0
1354,190.7237,1,110.0865,2,666,0,2021300.0
1355,92.1568,1,81.1017,2,839,0,1158550.0
1356,113.5238,1,64.8442,3,487,0,838100.0
1357,82.8668,0,0.0,1,264,0,542300.0
1358,100.1462,0,0.0,1,500,0,739007.0
1359,71.4401,1,74.6916,2,440,0,875075.0
1360,183.942,0,0.0,2,770,1,1552950.0
1361,91.971,1,149.6619,3,621,0,931770.0
1362,142.137,0,0.0,2,430,0,1281800.0
1363,119.0049,1,42.4553,2,368,0,517157.0
1364,57.2264,1,73.94839999999999,2,432,0,773674.76
1365,48.308,1,55.74,2,480,0,710669.36
1366,75.6206,1,79.89399999999999,2,663,0,1064880.0
1367,81.9378,1,84.3532,2,588,0,951490.0
1368,85.93249999999999,1,51.095,2,336,0,626110.0
1369,78.7792,0,0.0,1,420,0,709920.0
1370,154.9572,0,0.0,2,502,0,1143760.0
1371,78.036,1,49.6086,1,338,0,517650.0
1372,154.30689999999998,0,0.0,1,377,0,815915.0
1373,102.9332,1,91.8781,2,583,0,1352299.0
1375,95.3154,1,86.58279999999999,2,936,0,1232500.0
1376,145.9459,0,0.0,2,722,0,1178270.0
1377,73.39099999999999,0,0.0,1,160,0,448630.0
1378,91.4136,1,57.598,2,660,0,576810.0
1379,44.8707,1,46.8216,1,264,0,409190.0
1380,70.0466,1,59.456,2,400,0,825775.0
1381,80.26559999999999,0,0.0,1,200,0,288405.0
1382,196.6693,0,0.0,2,550,0,1170875.0
1383,92.7142,1,70.9756,1,576,0,774010.0
1384,131.5464,0,0.0,2,576,0,552160.0
1385,64.8442,1,52.024,1,280,0,517650.0
1386,73.94839999999999,1,33.2582,1,240,0,618715.0
1387,129.3168,1,129.3168,3,564,0,1232500.0
1388,154.5856,1,80.07979999999999,2,216,0,670480.0
1389,162.2034,0,0.0,2,758,1,1861075.0
1390,80.7301,1,32.4221,1,440,0,645830.0
1391,141.6725,0,0.0,2,541,0,1158550.0
1392,147.15359999999998,0,0.0,2,792,0,611320.0
1393,83.61,0,0.0,1,288,0,606390.0
1394,113.4309,1,64.1939,2,672,0,803590.0
1395,139.35,0,0.0,2,648,0,1215629.54
1396,105.2557,1,125.3221,2,642,0,1386380.09
1398,87.2331,1,53.3246,1,180,0,677875.0
1399,105.5344,1,71.3472,1,240,0,680340.0
1400,107.764,1,41.6192,2,216,0,677628.5
1401,88.255,1,19.3232,1,208,0,591600.0
1402,80.26559999999999,1,67.72409999999999,2,398,0,951490.0
1403,120.2126,0,0.0,2,662,0,955823.47
1404,136.0056,0,0.0,2,754,0,1394805.46
1405,64.4726,1,48.308,1,936,0,517650.0
1406,152.9134,0,0.0,2,482,0,1355750.0
1407,71.3472,0,0.0,1,396,0,655690.0
1408,77.3857,0,0.0,1,0,0,552160.0
1409,68.8389,1,57.7838,1,528,0,618715.0
1410,114.8244,1,79.61529999999999,2,542,0,1059950.0
1411,87.6976,1,83.2384,2,622,0,1133900.0
1412,103.3048,1,51.6524,1,271,0,690200.0
1413,96.616,0,0.0,2,420,0,443700.0
1414,171.30759999999998,0,0.0,2,620,0,1267010.0
1415,97.8237,1,73.85549999999999,1,370,0,1020510.0
1416,145.7601,0,0.0,2,660,0,867187.0
1417,115.7534,1,96.9876,2,560,0,603925.0
1418,121.699,1,105.906,2,1069,0,1676200.0
1419,106.2776,0,0.0,1,336,0,611320.0
1420,171.30759999999998,0,0.0,2,540,0,1099390.0
1421,65.7732,1,65.7732,2,776,0,886907.0
1422,99.3101,0,0.0,2,440,0,628575.0
1423,78.7792,0,0.0,1,420,0,672945.0
1424,146.3175,1,58.1554,2,432,0,1355602.1
1425,124.8576,0,0.0,1,484,0,709920.0
1426,116.3108,0,0.0,1,528,0,700060.0
1427,113.6167,1,83.9816,2,525,0,1336030.0
1428,97.3592,1,47.379,1,288,0,690200.0
1429,74.6916,0,0.0,1,240,0,586670.0
1430,133.77599999999998,0,0.0,2,467,0,901697.0
1431,68.1886,1,102.5616,2,372,0,947250.2
1432,88.9982,0,0.0,2,440,0,708687.5
1433,89.9272,0,0.0,2,216,0,317985.0
1434,89.3698,1,77.107,2,451,0,919445.0
1435,104.6054,0,0.0,2,484,0,788800.0
1436,142.7873,0,0.0,1,462,0,857820.0
1437,80.26559999999999,0,0.0,1,528,0,594065.0
1438,179.4828,0,0.0,2,774,1,1945461.81
1439,114.8244,0,0.0,1,923,0,738021.0
1440,96.616,1,63.6365,2,550,0,971210.0
1441,132.1967,1,69.4892,2,672,0,941630.0
1442,78.7792,0,0.0,1,420,0,736049.0
1443,95.3154,1,91.1349,2,812,1,1528300.0
1444,88.4408,0,0.0,1,192,0,596530.0
1445,132.1038,0,0.0,2,626,0,885428.0
1446,84.8177,0,0.0,1,240,0,635970.0
1447,110.3652,0,0.0,1,312,0,778447.0
1448,113.338,1,80.823,2,556,0,1183200.0
1449,73.94839999999999,1,51.095,1,384,0,552160.0
1450,58.527,0,0.0,1,0,1,453560.0
1451,83.2384,1,83.2384,2,0,0,670480.0
1452,146.59619999999998,0,0.0,2,840,1,1415353.7
1453,99.5888,0,0.0,1,525,0,714850.0
1454,105.906,0,0.0,1,0,0,416585.0
1455,113.4309,0,0.0,2,400,0,912050.0
1456,88.5337,1,64.4726,2,460,0,862750.0
1457,192.5817,0,0.0,2,500,0,1035300.0
1458,110.3652,1,107.0208,2,252,0,1313845.0
1459,100.1462,0,0.0,1,240,0,700676.25
1460,116.6824,0,0.0,1,276,0,727175.0
